Customer_ID,Age,Gender,Annual_Income,Credit_Score,Loan_Amount,Loan_Tenure_Years,Employment_Type,City_Tier,Existing_Loans,Loan_Purpose,Default_Status
1001,59,Male,860482,572,185832,8,Self-Employed,Tier 1,3,Education,Yes
1002,49,Female,1004462,825,344923,5,Business,Tier 2,0,Business,No
1003,35,Female,1069270,458,333780,7,Salaried,Tier 2,2,Education,No
1004,63,Male,648874,451,656177,2,Business,Tier 2,3,Home,Yes
1005,28,Female,1053499,487,103551,8,Business,Tier 2,1,Personal,No
1006,41,Male,1223980,397,454772,6,Salaried,Tier 3,2,Education,No
1007,59,Male,318033,430,995102,8,Business,Tier 2,4,Education,Yes
1008,39,Male,830265,470,716923,1,Business,Tier 3,0,Car,No
1009,43,Female,813157,482,621107,1,Self-Employed,Tier 3,2,Home,No
1010,31,Female,1021106,663,385914,7,Self-Employed,Tier 3,2,Personal,No
1011,31,Male,1415502,338,470182,8,Salaried,Tier 2,4,Education,Yes
1012,44,Male,1060120,826,262781,3,Salaried,Tier 1,3,Education,No
1013,56,Male,631734,796,503105,5,Salaried,Tier 1,1,Personal,No
1014,60,Male,865627,815,732347,1,Self-Employed,Tier 2,4,Home,No
1015,44,Female,421897,648,915146,7,Salaried,Tier 1,1,Car,No
1016,23,Female,201062,696,763708,5,Salaried,Tier 1,3,Education,Yes
1017,42,Male,1496312,460,598884,8,Salaried,Tier 3,2,Car,No
1018,22,Male,295462,315,900538,8,Self-Employed,Tier 3,1,Business,Yes
1019,44,Female,970173,792,109182,9,Business,Tier 2,0,Home,No
1020,64,Female,772203,725,399307,7,Salaried,Tier 2,0,Business,No
1021,50,Male,858956,407,351454,1,Business,Tier 1,4,Business,Yes
1022,58,Male,731849,749,368232,3,Salaried,Tier 3,3,Business,No
1023,22,Male,667010,610,703091,8,Business,Tier 2,4,Home,No
1024,41,Female,586193,469,189978,3,Self-Employed,Tier 2,4,Home,Yes
1025,53,Female,226734,845,873346,8,Self-Employed,Tier 2,4,Personal,Yes
1026,32,Female,1123875,713,946782,1,Salaried,Tier 2,0,Car,No
1027,42,Male,226069,550,619667,5,Business,Tier 2,0,Car,Yes
1028,64,Male,737198,440,521828,4,Self-Employed,Tier 2,4,Personal,Yes
1029,45,Female,670951,573,820188,5,Salaried,Tier 1,0,Personal,No
1030,47,Female,281264,715,308517,8,Salaried,Tier 3,3,Business,Yes
1031,62,Male,223275,338,490097,4,Self-Employed,Tier 3,4,Personal,Yes
1032,48,Female,796562,328,358557,4,Self-Employed,Tier 2,0,Education,No
1033,36,Female,562920,776,187084,3,Salaried,Tier 3,1,Car,No
1034,35,Male,391076,617,755475,7,Business,Tier 3,4,Personal,Yes
1035,64,Female,1442629,544,843583,3,Business,Tier 3,4,Education,Yes
1036,23,Male,1202163,571,632004,3,Business,Tier 2,3,Education,Yes
1037,57,Male,772735,739,930179,5,Salaried,Tier 2,2,Education,No
1038,27,Male,1112826,538,798013,5,Self-Employed,Tier 3,2,Education,No
1039,41,Male,799991,676,741738,6,Salaried,Tier 3,3,Business,No
1040,29,Male,1062522,565,748012,8,Self-Employed,Tier 2,3,Education,Yes
1041,59,Male,1003692,658,253502,6,Business,Tier 1,3,Business,No
1042,38,Male,1361157,639,194539,1,Business,Tier 3,2,Business,No
1043,24,Female,621240,688,474226,8,Self-Employed,Tier 1,3,Education,No
1044,45,Male,1102580,302,571863,8,Self-Employed,Tier 3,0,Car,No
1045,34,Male,1144789,728,171999,9,Salaried,Tier 1,4,Education,No
1046,29,Female,1209940,441,164793,9,Business,Tier 1,4,Education,Yes
1047,46,Female,316421,675,507373,2,Salaried,Tier 1,1,Education,No
1048,22,Female,725893,623,420321,2,Salaried,Tier 2,1,Car,No
1049,40,Male,272303,445,62289,3,Salaried,Tier 1,4,Home,Yes
1050,48,Female,358211,592,750336,1,Business,Tier 1,0,Home,Yes
1051,27,Male,1194653,731,748956,4,Salaried,Tier 1,2,Business,No
1052,64,Male,387210,698,990675,4,Salaried,Tier 3,2,Business,No
1053,28,Male,1062557,643,805801,9,Salaried,Tier 1,0,Car,No
1054,55,Male,344990,439,307368,9,Salaried,Tier 3,2,Personal,Yes
1055,34,Female,1407094,486,136365,9,Salaried,Tier 1,3,Home,Yes
1056,37,Female,324040,360,804950,7,Salaried,Tier 1,4,Business,Yes
1057,56,Male,868406,679,950446,2,Business,Tier 2,4,Home,No
1058,60,Male,618034,739,225211,5,Salaried,Tier 3,0,Car,No
1059,24,Male,956254,618,229785,4,Self-Employed,Tier 1,2,Car,No
1060,22,Female,1233255,601,997238,8,Salaried,Tier 3,1,Personal,No
1061,26,Male,990756,643,122588,2,Salaried,Tier 3,1,Personal,No
1062,62,Male,995543,310,113646,6,Business,Tier 2,2,Car,No
1063,24,Female,1155614,361,315798,5,Business,Tier 2,1,Business,No
1064,49,Female,740677,525,532238,2,Self-Employed,Tier 2,0,Home,No
1065,38,Male,1197083,452,855175,1,Self-Employed,Tier 2,0,Education,No
1066,46,Female,1371459,609,884800,8,Business,Tier 2,2,Personal,No
1067,64,Female,962501,542,795385,2,Business,Tier 2,1,Education,No
1068,54,Male,587952,792,779532,7,Salaried,Tier 2,0,Business,No
1069,30,Female,312221,665,973945,9,Business,Tier 2,0,Personal,No
1070,56,Male,1230117,629,169735,9,Self-Employed,Tier 1,3,Education,No
1071,34,Female,999666,406,205683,8,Salaried,Tier 3,3,Business,Yes
1072,51,Male,460669,525,956323,9,Self-Employed,Tier 2,0,Home,No
1073,35,Male,959224,517,682259,2,Salaried,Tier 2,2,Business,No
1074,28,Male,1039873,805,586437,6,Business,Tier 3,4,Personal,No
1075,34,Female,725134,558,412246,4,Self-Employed,Tier 1,4,Car,Yes
1076,43,Male,444761,816,371333,4,Salaried,Tier 3,0,Home,No
1077,60,Female,1032946,353,813264,5,Salaried,Tier 3,0,Education,No
1078,41,Male,1074668,346,989179,3,Business,Tier 2,0,Personal,No
1079,36,Male,337541,820,907463,1,Business,Tier 3,2,Car,No
1080,38,Female,1147609,398,616956,8,Business,Tier 3,3,Business,Yes
1081,44,Male,264323,319,456889,5,Self-Employed,Tier 2,0,Car,Yes
1082,46,Male,816210,789,662492,3,Salaried,Tier 2,0,Personal,No
1083,45,Female,1437715,718,261830,7,Business,Tier 2,1,Personal,No
1084,61,Male,1429024,361,246501,7,Self-Employed,Tier 2,2,Car,No
1085,49,Male,1154480,444,466885,1,Self-Employed,Tier 3,0,Business,No
1086,35,Male,435659,515,215140,9,Self-Employed,Tier 3,1,Car,No
1087,21,Male,589678,302,794149,2,Business,Tier 1,4,Personal,Yes
1088,45,Female,1054016,459,190507,5,Business,Tier 1,0,Personal,No
1089,27,Female,1353113,419,275160,5,Salaried,Tier 3,0,Education,No
1090,29,Male,1064909,388,233321,8,Salaried,Tier 1,1,Education,No
1091,44,Female,441983,628,611672,8,Business,Tier 3,2,Home,No
1092,21,Male,988260,656,571998,7,Self-Employed,Tier 1,0,Personal,No
1093,64,Female,1250493,566,656217,7,Self-Employed,Tier 2,4,Education,Yes
1094,28,Male,482762,622,964391,6,Self-Employed,Tier 1,0,Car,No
1095,44,Male,986275,840,650441,6,Salaried,Tier 2,4,Business,No
1096,31,Male,771650,494,809416,9,Self-Employed,Tier 2,3,Car,Yes
1097,37,Male,482272,631,125388,6,Salaried,Tier 2,3,Business,No
1098,28,Male,585925,469,605689,2,Salaried,Tier 2,4,Education,Yes
1099,55,Male,966641,820,568727,2,Self-Employed,Tier 1,2,Home,No
1100,55,Female,914743,762,777191,5,Self-Employed,Tier 3,0,Car,No
1101,53,Male,789833,339,693791,4,Business,Tier 2,0,Car,No
1102,25,Female,1330756,836,282601,2,Business,Tier 1,3,Car,No
1103,62,Male,603081,560,177834,3,Self-Employed,Tier 2,4,Business,Yes
1104,59,Female,1119723,694,84084,7,Salaried,Tier 1,0,Education,No
1105,61,Female,501953,525,301459,8,Salaried,Tier 1,0,Car,No
1106,48,Female,578892,423,684929,6,Salaried,Tier 1,2,Car,No
1107,27,Male,205287,337,155111,5,Salaried,Tier 3,1,Home,Yes
1108,29,Male,1257088,627,499042,1,Salaried,Tier 1,3,Home,No
1109,28,Female,856702,550,479667,8,Business,Tier 1,3,Education,Yes
1110,32,Male,1357448,475,712587,3,Self-Employed,Tier 3,1,Education,No
1111,54,Female,293070,753,212982,6,Business,Tier 3,0,Personal,No
1112,53,Male,822117,336,348185,3,Salaried,Tier 1,2,Home,No
1113,43,Female,1144118,615,925352,7,Salaried,Tier 3,2,Personal,No
1114,44,Female,1211293,413,377825,7,Salaried,Tier 2,3,Business,Yes
1115,57,Male,1290654,339,284386,9,Salaried,Tier 2,2,Personal,No
1116,55,Female,807812,600,393715,5,Self-Employed,Tier 3,1,Car,No
1117,64,Male,427645,523,246553,8,Salaried,Tier 3,0,Personal,No
1118,60,Female,986667,617,511792,8,Self-Employed,Tier 1,1,Education,No
1119,42,Female,1375885,648,551174,1,Salaried,Tier 3,4,Business,No
1120,47,Male,1088266,414,834625,5,Self-Employed,Tier 1,3,Car,Yes
1121,55,Male,546699,622,701844,3,Business,Tier 2,2,Personal,No
1122,21,Male,586594,339,245246,1,Salaried,Tier 3,4,Business,Yes
1123,55,Female,972608,339,600448,4,Self-Employed,Tier 1,2,Business,No
1124,57,Male,1292501,588,296242,8,Business,Tier 1,0,Car,No
1125,34,Female,1244027,561,561083,3,Salaried,Tier 2,0,Personal,No
1126,23,Female,337023,515,67633,2,Salaried,Tier 3,0,Business,Yes
1127,21,Male,1335964,446,853446,9,Salaried,Tier 2,2,Business,No
1128,25,Male,732295,635,916964,5,Self-Employed,Tier 1,4,Home,No
1129,46,Female,258596,467,99104,7,Self-Employed,Tier 1,0,Business,Yes
1130,34,Female,1148027,391,913663,2,Business,Tier 3,4,Home,Yes
1131,59,Male,551005,652,118388,9,Self-Employed,Tier 1,2,Personal,No
1132,47,Male,1073172,662,590302,9,Self-Employed,Tier 3,4,Personal,No
1133,29,Male,722244,644,142578,4,Salaried,Tier 2,2,Personal,No
1134,35,Male,879290,469,739115,4,Salaried,Tier 3,2,Education,No
1135,35,Male,699097,655,614678,6,Salaried,Tier 3,3,Personal,No
1136,46,Female,849789,490,335855,6,Salaried,Tier 1,2,Business,No
1137,62,Female,1396632,721,141658,1,Salaried,Tier 1,2,Car,No
1138,33,Female,1262636,306,107993,9,Salaried,Tier 3,1,Home,No
1139,52,Female,1029735,432,255768,2,Salaried,Tier 1,0,Education,No
1140,59,Male,1438855,330,208285,5,Business,Tier 1,3,Personal,Yes
1141,52,Male,930406,834,821148,9,Business,Tier 1,3,Personal,No
1142,24,Male,1288287,725,501000,4,Business,Tier 3,3,Car,No
1143,50,Female,1391602,693,843853,3,Business,Tier 1,1,Car,No
1144,57,Female,535484,662,792296,7,Salaried,Tier 3,2,Education,No
1145,43,Male,665317,736,592015,6,Business,Tier 1,0,Home,No
1146,59,Male,1189024,381,948850,8,Salaried,Tier 2,4,Personal,Yes
1147,35,Female,418134,655,578646,3,Business,Tier 1,2,Education,No
1148,63,Female,1351550,557,377252,5,Self-Employed,Tier 1,1,Business,No
1149,49,Male,1398222,823,307681,4,Business,Tier 3,2,Business,No
1150,56,Male,1398744,594,144018,4,Business,Tier 3,2,Education,No
1151,33,Female,889376,523,436601,4,Salaried,Tier 1,1,Personal,No
1152,52,Male,638774,824,999621,8,Business,Tier 2,3,Education,No
1153,27,Male,711937,345,344054,6,Self-Employed,Tier 1,3,Personal,Yes
1154,42,Male,611597,412,701176,3,Salaried,Tier 1,0,Car,No
1155,48,Female,1114228,532,279104,5,Salaried,Tier 2,0,Education,No
1156,22,Female,1153959,316,892186,6,Business,Tier 3,3,Personal,Yes
1157,62,Female,292263,659,243510,5,Salaried,Tier 1,4,Education,Yes
1158,26,Female,1121522,522,159847,6,Salaried,Tier 3,2,Education,No
1159,48,Female,1053938,747,996875,8,Salaried,Tier 3,4,Personal,No
1160,48,Female,1472386,664,494717,7,Salaried,Tier 2,2,Personal,No
1161,64,Female,1345222,625,504162,5,Salaried,Tier 2,3,Home,No
1162,64,Male,545266,766,874899,6,Salaried,Tier 3,0,Education,No
1163,40,Male,680703,713,985129,4,Self-Employed,Tier 1,0,Business,No
1164,50,Male,1174323,754,346037,9,Business,Tier 3,4,Education,No
1165,31,Male,543054,532,126329,4,Self-Employed,Tier 1,0,Education,No
1166,48,Male,1106862,523,81007,1,Salaried,Tier 1,3,Personal,Yes
1167,45,Male,1307955,711,744892,7,Salaried,Tier 2,4,Education,No
1168,59,Male,1273629,634,366397,7,Business,Tier 1,2,Education,No
1169,53,Female,298723,521,62323,4,Self-Employed,Tier 1,0,Business,Yes
1170,21,Female,775644,336,947767,3,Business,Tier 3,1,Personal,No
1171,47,Male,1053088,577,162356,8,Self-Employed,Tier 2,0,Education,No
1172,33,Male,1280730,495,685232,5,Salaried,Tier 1,2,Car,No
1173,61,Female,1462518,783,254451,7,Business,Tier 1,4,Home,No
1174,23,Male,464480,541,981714,4,Business,Tier 2,2,Business,No
1175,59,Male,481173,623,328600,4,Salaried,Tier 3,1,Education,No
1176,26,Female,1045633,491,605655,8,Business,Tier 2,3,Car,Yes
1177,28,Male,1280841,316,104624,8,Self-Employed,Tier 2,0,Education,No
1178,47,Female,1491898,823,453322,2,Self-Employed,Tier 1,4,Education,No
1179,29,Male,1234057,700,284565,2,Self-Employed,Tier 1,3,Personal,No
1180,57,Female,1423520,321,118008,3,Self-Employed,Tier 3,2,Personal,No
1181,53,Female,1403358,773,962358,3,Salaried,Tier 1,4,Personal,No
1182,62,Female,1320483,419,427539,1,Business,Tier 1,3,Car,Yes
1183,64,Male,402967,509,166492,3,Self-Employed,Tier 2,4,Education,Yes
1184,44,Female,264772,605,122240,6,Salaried,Tier 1,1,Home,No
1185,35,Male,326108,569,376459,8,Business,Tier 3,1,Business,Yes
1186,52,Male,1262958,584,775947,6,Business,Tier 2,0,Personal,No
1187,52,Male,1332867,526,322900,5,Salaried,Tier 3,0,Personal,No
1188,44,Male,563339,680,511227,4,Salaried,Tier 2,1,Education,No
1189,61,Female,347550,759,348522,3,Self-Employed,Tier 1,4,Education,Yes
1190,32,Female,1480626,306,185327,4,Business,Tier 2,1,Car,No
1191,59,Male,632882,328,981988,7,Business,Tier 2,0,Car,No
1192,22,Male,537827,332,699991,1,Salaried,Tier 1,1,Personal,No
1193,23,Female,1247843,378,892981,7,Business,Tier 1,1,Education,No
1194,57,Male,795603,758,215575,1,Self-Employed,Tier 3,4,Home,No
1195,37,Female,588349,837,910226,2,Business,Tier 3,3,Business,No
1196,22,Male,1262729,781,549499,4,Salaried,Tier 1,0,Education,No
1197,22,Male,1226919,729,543948,1,Salaried,Tier 1,4,Education,No
1198,48,Female,1489349,584,357257,9,Self-Employed,Tier 1,1,Car,No
1199,43,Male,1303894,815,648357,6,Self-Employed,Tier 2,1,Business,No
1200,57,Female,594030,398,279189,1,Business,Tier 2,3,Personal,Yes
1201,52,Male,276077,696,448465,1,Business,Tier 2,0,Education,No
1202,53,Male,1076906,788,301051,6,Salaried,Tier 1,0,Personal,No
1203,21,Male,333515,338,986705,4,Self-Employed,Tier 3,2,Education,Yes
1204,39,Female,1193497,570,699829,4,Self-Employed,Tier 1,0,Personal,No
1205,22,Male,1455564,456,763936,6,Self-Employed,Tier 2,3,Business,Yes
1206,64,Male,325885,374,561778,7,Business,Tier 2,2,Car,Yes
1207,46,Male,1096209,429,830641,9,Self-Employed,Tier 1,2,Business,No
1208,52,Male,741656,383,321830,5,Salaried,Tier 1,1,Home,No
1209,26,Female,870688,321,555629,9,Salaried,Tier 2,1,Car,No
1210,52,Female,388014,758,365507,4,Business,Tier 2,0,Business,No
1211,24,Male,291751,838,409687,2,Business,Tier 2,2,Home,No
1212,31,Female,430203,681,706021,3,Self-Employed,Tier 1,1,Education,No
1213,37,Male,1013738,739,225915,1,Business,Tier 2,3,Education,No
1214,58,Male,895275,320,669961,6,Salaried,Tier 2,1,Personal,No
1215,44,Male,1023651,602,504179,6,Self-Employed,Tier 3,1,Car,No
1216,25,Female,1460527,383,92828,1,Salaried,Tier 1,2,Education,No
1217,54,Female,395716,752,885036,3,Self-Employed,Tier 3,2,Car,No
1218,26,Female,784567,686,322670,5,Business,Tier 3,4,Education,No
1219,42,Female,515172,806,905342,3,Self-Employed,Tier 2,3,Personal,No
1220,31,Female,1090695,556,75592,3,Self-Employed,Tier 1,2,Business,No
1221,36,Female,200126,826,341126,3,Salaried,Tier 2,0,Personal,No
1222,53,Female,1038761,461,836639,5,Salaried,Tier 1,3,Home,Yes
1223,29,Female,1276208,462,282041,5,Self-Employed,Tier 3,3,Education,Yes
1224,26,Female,700315,823,400877,4,Business,Tier 1,2,Home,No
1225,36,Male,1358521,570,804296,1,Business,Tier 2,3,Home,Yes
1226,49,Female,517320,791,174982,5,Salaried,Tier 2,2,Car,No
1227,23,Female,1499445,507,306911,5,Business,Tier 2,1,Education,No
1228,40,Female,941426,838,118619,4,Salaried,Tier 1,4,Home,No
1229,56,Female,698716,359,734688,6,Business,Tier 3,1,Business,No
1230,39,Female,1243917,729,358623,4,Self-Employed,Tier 3,2,Home,No
1231,46,Female,1423975,608,551643,7,Salaried,Tier 1,2,Business,No
1232,23,Female,662120,819,201175,7,Salaried,Tier 2,1,Car,No
1233,39,Female,1383445,326,220963,2,Self-Employed,Tier 3,0,Home,No
1234,40,Female,378954,498,191826,3,Salaried,Tier 2,0,Personal,Yes
1235,52,Female,869078,686,805343,1,Business,Tier 1,0,Car,No
1236,27,Female,1283136,648,917869,8,Business,Tier 2,2,Business,No
1237,61,Male,484260,835,148540,9,Salaried,Tier 3,3,Car,No
1238,53,Male,332717,677,909414,4,Business,Tier 3,2,Home,No
1239,60,Female,1427171,826,677035,6,Salaried,Tier 2,3,Education,No
1240,59,Female,848373,452,236994,9,Self-Employed,Tier 1,1,Education,No
1241,38,Male,579862,505,360375,6,Salaried,Tier 2,4,Business,Yes
1242,60,Female,694592,754,79301,9,Self-Employed,Tier 1,3,Business,No
1243,21,Male,1348734,572,272724,4,Business,Tier 2,0,Education,No
1244,31,Male,1417078,535,564003,8,Self-Employed,Tier 3,2,Business,No
1245,48,Male,530388,820,243783,9,Business,Tier 1,1,Car,No
1246,45,Male,518408,800,746683,4,Salaried,Tier 1,0,Personal,No
1247,43,Male,668276,416,68752,5,Business,Tier 1,1,Personal,No
1248,51,Female,1214920,685,787565,8,Salaried,Tier 3,4,Car,No
1249,50,Male,257545,643,934884,6,Salaried,Tier 2,2,Personal,No
1250,62,Female,711411,694,718755,7,Self-Employed,Tier 3,2,Home,No
1251,55,Female,1025656,363,267029,3,Self-Employed,Tier 1,4,Car,Yes
1252,27,Male,1220020,371,957669,7,Self-Employed,Tier 2,2,Business,No
1253,36,Male,1084377,573,106273,8,Self-Employed,Tier 3,3,Car,Yes
1254,46,Female,213224,619,308503,6,Business,Tier 1,1,Education,No
1255,22,Male,240738,637,666166,9,Business,Tier 1,0,Business,No
1256,21,Male,1142654,665,841327,6,Business,Tier 3,4,Education,No
1257,32,Female,1429336,794,169968,9,Salaried,Tier 3,3,Business,No
1258,25,Female,1217433,465,427844,4,Business,Tier 3,0,Personal,No
1259,57,Male,666725,843,650847,8,Business,Tier 1,0,Car,No
1260,52,Female,863937,310,60699,4,Business,Tier 3,4,Home,Yes
1261,29,Male,1374737,600,246133,2,Self-Employed,Tier 1,3,Business,No
1262,61,Male,1044193,401,584003,9,Business,Tier 3,0,Business,No
1263,55,Male,498512,724,69169,5,Salaried,Tier 1,0,Education,No
1264,39,Female,862143,691,568652,4,Self-Employed,Tier 1,3,Personal,No
1265,36,Female,766202,513,168413,2,Salaried,Tier 2,2,Education,No
1266,23,Female,1450155,387,983667,1,Business,Tier 3,0,Education,No
1267,40,Female,852026,700,693552,7,Self-Employed,Tier 3,1,Personal,No
1268,44,Female,1196530,345,317926,6,Salaried,Tier 1,3,Home,Yes
1269,53,Male,971253,762,793537,2,Business,Tier 1,0,Education,No
1270,44,Male,704471,609,572988,8,Salaried,Tier 1,4,Education,No
1271,31,Male,1006388,385,174481,4,Salaried,Tier 2,1,Business,No
1272,28,Male,1467543,391,265400,8,Salaried,Tier 2,0,Personal,No
1273,56,Female,583152,541,609873,7,Business,Tier 1,1,Car,No
1274,58,Male,1154652,301,867114,5,Business,Tier 3,1,Home,No
1275,60,Female,294270,524,228936,8,Salaried,Tier 3,2,Home,Yes
1276,40,Male,1245482,415,442136,9,Self-Employed,Tier 2,1,Personal,No
1277,55,Female,1395889,402,920848,5,Self-Employed,Tier 2,2,Business,No
1278,45,Female,358768,493,498330,5,Business,Tier 1,3,Business,Yes
1279,55,Male,1495302,465,439954,2,Business,Tier 3,2,Personal,No
1280,45,Male,770451,389,88067,5,Business,Tier 1,4,Business,Yes
1281,49,Male,219816,421,748045,3,Business,Tier 2,0,Home,Yes
1282,38,Male,1167344,442,827622,7,Business,Tier 3,3,Home,Yes
1283,38,Female,957907,405,68073,5,Self-Employed,Tier 3,3,Car,Yes
1284,22,Male,514997,727,86035,8,Business,Tier 2,4,Personal,No
1285,55,Male,1404565,604,246049,1,Salaried,Tier 1,2,Education,No
1286,36,Female,1455100,616,283782,3,Salaried,Tier 1,0,Education,No
1287,61,Male,1238896,308,664661,3,Self-Employed,Tier 3,2,Car,No
1288,56,Male,1400454,372,919794,9,Salaried,Tier 2,1,Car,No
1289,53,Male,930880,658,664805,5,Self-Employed,Tier 3,2,Business,No
1290,24,Male,981452,522,639738,9,Self-Employed,Tier 2,3,Car,Yes
1291,53,Male,333554,715,584670,9,Salaried,Tier 1,0,Car,No
1292,34,Female,651282,669,971941,1,Business,Tier 2,2,Education,No
1293,41,Male,1342077,563,776331,2,Salaried,Tier 1,0,Business,No
1294,40,Male,464223,617,507828,5,Salaried,Tier 2,0,Car,No
1295,28,Male,1308252,383,795715,4,Self-Employed,Tier 3,1,Car,No
1296,27,Male,1422108,617,111929,9,Salaried,Tier 1,1,Business,No
1297,23,Male,797135,410,807771,7,Self-Employed,Tier 3,3,Personal,Yes
1298,37,Female,420178,550,802878,6,Business,Tier 3,4,Business,Yes
1299,53,Male,1398097,682,935296,7,Business,Tier 1,0,Education,No
1300,32,Female,626752,306,717689,1,Business,Tier 1,4,Personal,Yes
1301,42,Female,788365,758,830965,1,Salaried,Tier 3,3,Home,No
1302,42,Male,1024690,383,337313,8,Self-Employed,Tier 3,0,Business,No
1303,50,Male,903662,507,137468,2,Business,Tier 3,0,Education,No
1304,58,Male,1386293,689,84594,9,Self-Employed,Tier 3,4,Personal,No
1305,58,Male,762288,613,241703,7,Self-Employed,Tier 1,2,Business,No
1306,28,Female,500709,321,95033,6,Business,Tier 1,1,Car,No
1307,47,Male,1143026,709,637421,1,Business,Tier 3,2,Business,No
1308,47,Male,1434816,814,123861,1,Self-Employed,Tier 2,4,Home,No
1309,54,Male,1327199,426,757650,2,Business,Tier 2,1,Business,No
1310,41,Male,1217289,313,343894,6,Self-Employed,Tier 1,2,Personal,No
1311,50,Male,1107425,311,614749,6,Self-Employed,Tier 3,1,Personal,No
1312,53,Male,383675,386,517016,2,Business,Tier 3,0,Business,Yes
1313,48,Female,852465,823,128222,1,Salaried,Tier 1,2,Personal,No
1314,53,Female,1465030,836,686308,5,Business,Tier 2,1,Car,No
1315,25,Male,1198748,600,860658,5,Salaried,Tier 2,1,Business,No
1316,39,Male,1358151,542,843153,2,Self-Employed,Tier 2,1,Car,No
1317,24,Male,1233024,421,594897,6,Self-Employed,Tier 1,2,Car,No
1318,55,Female,1456182,446,704801,9,Salaried,Tier 2,3,Education,Yes
1319,37,Male,705815,655,253981,2,Self-Employed,Tier 1,2,Business,No
1320,64,Female,276218,608,154211,2,Salaried,Tier 1,4,Personal,Yes
1321,48,Male,787518,587,236321,3,Salaried,Tier 3,2,Car,No
1322,50,Male,970044,606,492111,7,Self-Employed,Tier 2,1,Education,No
1323,49,Male,649589,848,537689,6,Salaried,Tier 1,0,Business,No
1324,26,Male,678446,651,973160,8,Business,Tier 2,2,Business,No
1325,55,Female,662052,611,961297,8,Business,Tier 2,2,Home,No
1326,61,Female,1288562,358,910952,6,Self-Employed,Tier 3,1,Home,No
1327,57,Male,547739,334,506956,3,Self-Employed,Tier 2,0,Car,No
1328,44,Male,672327,744,900741,3,Salaried,Tier 3,0,Home,No
1329,49,Female,797794,392,79984,1,Salaried,Tier 1,4,Car,Yes
1330,51,Female,234911,506,693235,7,Salaried,Tier 2,2,Personal,Yes
1331,55,Female,625037,652,779182,5,Salaried,Tier 1,0,Car,No
1332,53,Female,930399,631,55901,4,Business,Tier 2,0,Home,No
1333,41,Male,1178039,458,212624,4,Business,Tier 1,3,Personal,Yes
1334,52,Female,1099885,323,272317,4,Self-Employed,Tier 2,3,Home,Yes
1335,43,Male,808746,703,343199,6,Salaried,Tier 2,0,Car,No
1336,53,Female,1260751,815,743045,8,Salaried,Tier 2,4,Education,No
1337,23,Female,1105667,663,195788,8,Self-Employed,Tier 2,0,Business,No
1338,38,Female,516915,681,688387,5,Salaried,Tier 2,1,Home,No
1339,45,Female,699876,831,585426,6,Salaried,Tier 2,2,Car,No
1340,62,Female,811213,451,740658,4,Salaried,Tier 2,4,Personal,Yes
1341,51,Male,968734,719,73429,9,Salaried,Tier 2,1,Home,No
1342,23,Male,1314934,549,624488,8,Salaried,Tier 2,4,Home,Yes
1343,60,Female,247057,416,252380,1,Self-Employed,Tier 1,1,Business,Yes
1344,44,Female,454726,811,491460,2,Salaried,Tier 3,2,Car,No
1345,52,Male,478176,634,822577,9,Self-Employed,Tier 2,2,Education,No
1346,42,Female,908754,717,295127,8,Salaried,Tier 3,3,Personal,No
1347,43,Female,1137583,594,937700,3,Business,Tier 2,1,Car,No
1348,22,Male,1415868,670,810801,8,Business,Tier 2,3,Personal,No
1349,47,Female,344931,485,67347,1,Business,Tier 1,1,Home,Yes
1350,62,Female,362491,545,722280,4,Business,Tier 1,3,Business,Yes
1351,22,Male,601921,567,606110,3,Self-Employed,Tier 3,2,Business,No
1352,46,Male,460910,536,614396,6,Self-Employed,Tier 1,4,Education,Yes
1353,37,Male,1271812,829,965387,7,Salaried,Tier 1,3,Business,No
1354,60,Female,287955,320,532315,4,Business,Tier 3,1,Home,Yes
1355,53,Male,827433,819,57967,7,Self-Employed,Tier 1,1,Education,No
1356,29,Male,1479361,399,947151,9,Salaried,Tier 2,2,Car,No
1357,63,Male,1343490,777,586159,2,Salaried,Tier 3,1,Business,No
1358,59,Male,407990,597,275371,3,Self-Employed,Tier 3,0,Education,No
1359,49,Male,578387,825,258524,5,Business,Tier 2,4,Home,No
1360,62,Male,738884,633,779630,3,Salaried,Tier 1,3,Personal,No
1361,46,Female,1196261,301,214685,8,Business,Tier 3,4,Personal,Yes
1362,55,Female,1442845,674,602467,8,Business,Tier 3,2,Home,No
1363,45,Male,592417,592,301537,8,Business,Tier 2,3,Home,Yes
1364,44,Male,1180020,617,757548,9,Salaried,Tier 2,3,Personal,No
1365,33,Male,338155,801,891531,4,Business,Tier 1,0,Education,No
1366,27,Female,1369250,680,609550,5,Salaried,Tier 3,2,Personal,No
1367,56,Female,1106739,313,914645,5,Business,Tier 1,1,Home,No
1368,40,Female,743351,803,429551,8,Salaried,Tier 1,0,Business,No
1369,21,Female,267642,530,985772,7,Business,Tier 2,0,Car,Yes
1370,28,Female,290093,383,521082,9,Self-Employed,Tier 3,4,Business,Yes
1371,36,Female,417215,429,922701,8,Business,Tier 3,4,Business,Yes
1372,34,Female,235954,444,110545,2,Business,Tier 3,4,Home,Yes
1373,32,Female,1276432,327,284555,4,Salaried,Tier 2,0,Personal,No
1374,43,Female,726861,365,273894,6,Salaried,Tier 2,1,Education,No
1375,35,Male,759655,462,777506,2,Business,Tier 2,3,Business,Yes
1376,48,Male,695553,528,352066,7,Self-Employed,Tier 2,4,Personal,Yes
1377,54,Male,962092,560,617201,3,Self-Employed,Tier 2,1,Education,No
1378,22,Male,1086040,748,409177,3,Salaried,Tier 3,2,Business,No
1379,52,Female,522918,723,416936,2,Self-Employed,Tier 1,4,Education,No
1380,43,Female,1272328,759,300497,8,Business,Tier 3,3,Personal,No
1381,42,Male,1041461,600,493057,6,Salaried,Tier 1,2,Car,No
1382,45,Female,348757,602,751692,1,Business,Tier 2,2,Personal,No
1383,42,Male,316739,586,535278,1,Salaried,Tier 1,3,Home,Yes
1384,42,Female,1486585,694,956295,7,Salaried,Tier 3,4,Education,No
1385,62,Male,980316,309,206104,8,Salaried,Tier 3,0,Car,No
1386,26,Female,1456556,569,743206,5,Salaried,Tier 1,3,Education,Yes
1387,35,Female,536676,660,764834,5,Self-Employed,Tier 2,3,Education,No
1388,63,Male,1214929,556,94936,4,Business,Tier 2,3,Business,Yes
1389,57,Female,523412,432,735154,6,Business,Tier 3,2,Home,No
1390,53,Male,685417,575,766948,6,Business,Tier 1,1,Education,No
1391,28,Male,388456,812,252056,3,Salaried,Tier 2,0,Personal,No
1392,64,Male,755941,612,275469,9,Self-Employed,Tier 2,4,Personal,No
1393,64,Male,1406305,583,78141,7,Business,Tier 3,4,Business,Yes
1394,25,Female,428504,420,976578,1,Self-Employed,Tier 2,1,Home,No
1395,59,Female,852665,406,187478,7,Salaried,Tier 1,3,Home,Yes
1396,24,Female,773044,503,147359,5,Business,Tier 3,0,Personal,No
1397,26,Male,1289385,464,959711,5,Self-Employed,Tier 3,4,Car,Yes
1398,52,Female,916756,604,204363,2,Salaried,Tier 1,4,Business,No
1399,50,Male,251226,796,615856,4,Self-Employed,Tier 3,3,Business,Yes
1400,55,Female,699512,455,671827,6,Business,Tier 2,1,Personal,No
1401,60,Female,1277978,666,621139,7,Business,Tier 2,0,Personal,No
1402,36,Female,1252839,550,543158,5,Salaried,Tier 1,1,Car,No
1403,33,Male,1240993,633,629111,9,Salaried,Tier 2,1,Car,No
1404,62,Female,1426476,810,73312,3,Salaried,Tier 1,0,Home,No
1405,50,Female,772212,592,477387,1,Self-Employed,Tier 1,0,Business,No
1406,39,Male,536326,319,484995,4,Self-Employed,Tier 2,4,Business,Yes
1407,37,Female,424137,581,774188,9,Self-Employed,Tier 1,4,Personal,Yes
1408,39,Male,1129168,300,550531,4,Salaried,Tier 2,0,Home,No
1409,48,Female,563476,418,935155,2,Business,Tier 3,2,Business,No
1410,46,Male,891757,334,848843,5,Business,Tier 3,4,Home,Yes
1411,57,Male,590719,497,546037,3,Self-Employed,Tier 1,2,Home,No
1412,46,Female,1349947,784,299062,9,Self-Employed,Tier 2,0,Personal,No
1413,43,Male,762997,358,893441,4,Business,Tier 2,4,Home,Yes
1414,29,Male,1233578,460,458638,6,Business,Tier 3,1,Car,No
1415,32,Male,1440768,505,485684,2,Self-Employed,Tier 3,0,Car,No
1416,21,Male,1398898,311,606659,6,Self-Employed,Tier 2,3,Education,Yes
1417,21,Male,221172,789,107022,3,Business,Tier 1,2,Personal,No
1418,54,Male,735843,575,383373,9,Salaried,Tier 3,0,Education,No
1419,52,Female,1196121,541,149071,2,Self-Employed,Tier 1,0,Car,No
1420,45,Male,781780,515,232268,9,Business,Tier 1,4,Education,Yes
1421,60,Male,908362,550,408918,5,Business,Tier 3,4,Personal,Yes
1422,21,Female,713319,425,539626,8,Business,Tier 1,4,Personal,Yes
1423,36,Female,980298,516,338859,2,Business,Tier 1,3,Home,Yes
1424,59,Female,1076031,605,864037,6,Salaried,Tier 2,4,Business,No
1425,25,Female,1470896,484,674141,3,Business,Tier 1,0,Home,No
1426,42,Female,1259622,338,605462,5,Self-Employed,Tier 2,4,Personal,Yes
1427,49,Female,428071,522,977460,8,Salaried,Tier 3,1,Car,No
1428,23,Female,578165,483,547660,1,Business,Tier 3,4,Car,Yes
1429,32,Male,908662,794,126373,5,Salaried,Tier 2,3,Home,No
1430,46,Male,616366,726,905684,3,Self-Employed,Tier 3,1,Personal,No
1431,36,Female,1212117,477,243021,4,Business,Tier 1,0,Car,No
1432,57,Male,845188,727,243718,2,Self-Employed,Tier 1,0,Personal,No
1433,42,Male,615008,593,644305,9,Business,Tier 1,2,Car,No
1434,49,Male,1454126,450,113037,3,Business,Tier 3,1,Personal,No
1435,34,Female,444883,683,664106,2,Business,Tier 1,2,Education,No
1436,48,Female,1149491,607,580836,9,Business,Tier 3,1,Personal,No
1437,25,Male,871210,635,691269,7,Business,Tier 1,1,Personal,No
1438,50,Female,1129616,674,284213,6,Salaried,Tier 2,3,Home,No
1439,25,Male,1370365,307,254366,1,Business,Tier 3,2,Education,No
1440,32,Male,879418,640,552420,5,Business,Tier 3,3,Business,No
1441,36,Male,900780,428,204249,3,Salaried,Tier 1,1,Home,No
1442,46,Male,1314593,651,336166,1,Salaried,Tier 3,0,Business,No
1443,46,Female,1426952,657,680585,4,Salaried,Tier 3,1,Car,No
1444,41,Female,699137,816,710902,2,Salaried,Tier 2,3,Business,No
1445,59,Female,856884,794,272084,2,Salaried,Tier 2,2,Personal,No
1446,56,Male,824712,385,539536,3,Salaried,Tier 1,2,Business,No
1447,53,Female,893264,474,110428,8,Business,Tier 2,3,Home,Yes
1448,50,Male,1041344,492,728100,8,Business,Tier 1,2,Home,No
1449,57,Female,807847,610,371497,7,Self-Employed,Tier 1,4,Business,No
1450,43,Male,1303913,418,687420,6,Business,Tier 1,0,Home,No
1451,30,Male,1097048,517,237604,9,Business,Tier 3,0,Home,No
1452,25,Male,1272930,726,590340,4,Salaried,Tier 2,0,Business,No
1453,56,Female,1293762,713,150689,1,Salaried,Tier 1,2,Education,No
1454,54,Female,752433,413,752436,8,Business,Tier 2,2,Education,No
1455,51,Female,627236,444,496636,7,Self-Employed,Tier 1,1,Car,No
1456,30,Female,940829,837,706031,7,Salaried,Tier 2,1,Home,No
1457,39,Male,485195,602,312307,3,Business,Tier 2,0,Business,No
1458,52,Female,775762,644,353568,4,Business,Tier 1,4,Home,No
1459,21,Female,816036,300,552754,9,Self-Employed,Tier 3,1,Personal,No
1460,25,Male,1374571,446,513547,6,Self-Employed,Tier 2,1,Home,No
1461,24,Male,1494266,586,453850,5,Salaried,Tier 3,2,Home,No
1462,36,Male,993392,352,185870,3,Self-Employed,Tier 3,4,Education,Yes
1463,44,Female,628988,603,334564,9,Business,Tier 1,0,Business,No
1464,36,Male,380553,368,560259,5,Business,Tier 1,1,Home,Yes
1465,22,Male,760696,660,694863,5,Self-Employed,Tier 1,4,Education,No
1466,48,Male,1080438,519,832518,4,Self-Employed,Tier 2,4,Car,Yes
1467,52,Female,519278,460,341444,4,Self-Employed,Tier 1,0,Education,No
1468,47,Male,1400139,388,926313,1,Self-Employed,Tier 1,4,Education,Yes
1469,40,Female,899983,458,60749,7,Salaried,Tier 2,4,Education,Yes
1470,44,Female,593554,788,678419,9,Self-Employed,Tier 2,4,Home,No
1471,32,Male,1451079,623,730481,3,Salaried,Tier 1,1,Home,No
1472,55,Male,1391902,680,964995,2,Business,Tier 1,0,Car,No
1473,53,Female,1259920,401,349631,3,Self-Employed,Tier 1,4,Personal,Yes
1474,53,Male,594966,793,275019,1,Salaried,Tier 1,4,Personal,No
1475,63,Male,305423,318,476577,6,Self-Employed,Tier 3,1,Personal,Yes
1476,57,Female,520197,753,857655,7,Business,Tier 3,0,Car,No
1477,32,Female,664071,781,647218,2,Business,Tier 1,2,Personal,No
1478,23,Male,871256,696,719416,8,Business,Tier 3,1,Personal,No
1479,21,Female,386833,578,340524,6,Self-Employed,Tier 2,0,Education,Yes
1480,53,Male,917912,664,862467,4,Self-Employed,Tier 3,4,Home,No
1481,60,Male,975435,630,867052,5,Salaried,Tier 3,0,Home,No
1482,30,Male,277454,643,987381,8,Business,Tier 1,0,Education,No
1483,63,Female,1109164,754,306553,3,Self-Employed,Tier 3,0,Education,No
1484,64,Male,1145439,364,498532,3,Business,Tier 3,2,Education,No
1485,49,Male,237641,375,769401,4,Business,Tier 3,0,Home,Yes
1486,33,Male,812121,442,429504,1,Salaried,Tier 3,2,Personal,No
1487,32,Female,518420,772,103352,9,Salaried,Tier 2,4,Education,No
1488,51,Female,481685,716,474127,8,Salaried,Tier 1,2,Car,No
1489,22,Female,1293389,604,213856,8,Salaried,Tier 1,4,Education,No
1490,55,Female,864180,796,53191,6,Business,Tier 2,4,Business,No
1491,43,Female,486214,590,926968,7,Salaried,Tier 3,2,Education,No
1492,37,Male,1128626,401,678864,6,Salaried,Tier 2,1,Home,No
1493,46,Female,542703,566,245713,9,Salaried,Tier 3,3,Education,Yes
1494,28,Female,404615,302,492939,3,Salaried,Tier 2,0,Business,No
1495,49,Female,599953,384,53631,3,Business,Tier 1,3,Car,Yes
1496,46,Male,1171741,627,187244,3,Salaried,Tier 1,0,Personal,No
1497,30,Female,1038003,749,354224,3,Business,Tier 1,0,Education,No
1498,46,Female,481570,753,270169,9,Self-Employed,Tier 3,4,Business,No
1499,54,Male,1285841,520,664641,4,Business,Tier 3,0,Business,No
1500,61,Female,1497897,453,463497,7,Business,Tier 2,0,Car,No
